{
  "publicPath": "/dist/",
  "all": [
    "app.d13453ec7c0af2d90d6b.js",
    "856.36176668880b191584d8.js",
    "921.111cb756e77fc6eb16e9.js",
    "120.ddebfebc96f71b0d563e.js",
    "common.36176668880b191584d8.css",
    "common.d13453ec7c0af2d90d6b.css",
    "common.111cb756e77fc6eb16e9.css",
    "133.2f409f3dc6a66456f5cf.js",
    "common.ddebfebc96f71b0d563e.css"
  ],
  "initial": [
    "common.d13453ec7c0af2d90d6b.css",
    "app.d13453ec7c0af2d90d6b.js"
  ],
  "async": [
    "856.36176668880b191584d8.js",
    "921.111cb756e77fc6eb16e9.js",
    "120.ddebfebc96f71b0d563e.js",
    "common.36176668880b191584d8.css",
    "common.111cb756e77fc6eb16e9.css",
    "133.2f409f3dc6a66456f5cf.js",
    "common.ddebfebc96f71b0d563e.css"
  ],
  "modules": {
    "43657549": [
      4,
      1
    ],
    "73988201": [
      5,
      0
    ],
    "931b98ec": [
      5,
      0
    ],
    "5edc96e8": [
      5,
      0
    ],
    "45cab4ce": [
      5,
      0
    ],
    "f3ac88f0": [
      5,
      0
    ],
    "f6b5fe26": [
      5,
      0
    ],
    "4b85fd22": [
      5,
      0
    ],
    "0f76bb20": [
      6,
      2
    ],
    "4accfa1f": [
      4,
      1
    ],
    "10db9a52": [
      8,
      3
    ],
    "1060daa6": [
      7
    ],
    "58d105a8": [
      5,
      0
    ],
    "1807a9bf": [
      5,
      0
    ],
    "eee29bfe": [
      8,
      3
    ],
    "67d1be42": [
      6,
      2
    ],
    "114c9116": [
      4,
      1
    ],
    "2e4d92d0": [
      4,
      1
    ],
    "37c928ca": [
      6,
      2
    ],
    "0df8e510": [
      5,
      0
    ],
    "53ea0e9a": [
      5,
      0
    ],
    "0217b13a": [
      5,
      0
    ],
    "1929b3d4": [
      5,
      0
    ],
    "c3484118": [
      5,
      0
    ],
    "6fbc4fdc": [
      5,
      0
    ],
    "691f1e8a": [
      5,
      0
    ],
    "34c750e2": [
      5,
      0
    ],
    "130c4394": [
      5,
      0
    ],
    "b8250572": [
      5,
      0
    ],
    "594d331d": [
      5,
      0
    ]
  }
}